{
  "easy": 10.06144905090332,
  "medium": 56.98643970489502,
  "hard": 0.0,
  "extreme": 0.0
}